"","datetime","Rainfall_mm_daily","AirTemp_C_Max","AirTemp_C_Min","AirTemp_C_Mean","PET_Tmean_mm_day"
"1",2019-10-15,0,26.5,16,19.8277777777778,2.60286873894522
"2",2019-10-16,0,23.1,11.3,17.2305555555556,2.22346129421242
"3",2019-10-17,0.459,17.6,8.3,11.4222222222222,1.55128498331655
"4",2019-10-18,0,18.1,7.9,11.7486111111111,1.5778198977928
"5",2019-10-19,0,19.2,9.4,13.2222222222222,1.7234519456833
"6",2019-10-20,0,21.7,12,15.825,2.01430369893396
"7",2019-10-21,0,25.9,15.9,20.5027777777778,2.65116279596197
"8",2019-10-22,0,29.7,18.5,23.0819444444444,3.06638413902083
"9",2019-10-23,0,27.9,18.6,21.4909722222222,2.78842668304318
"10",2019-10-24,0,31.4,19.8,24.2756944444444,3.25921646442315
"11",2019-10-25,0,31.4,21.5,24.7402777777778,3.33442314530777
"12",2019-10-26,0,28.2,17,22.2097222222222,2.87663866428485
"13",2019-10-27,0,18.5,8.1,11.8541666666667,1.53939007770663
"14",2019-10-28,0,19.5,7.1,12.5006944444444,1.59737674675267
"15",2019-10-29,0,20.7,8.6,13.39375,1.68270388228456
"16",2019-10-30,0,20.2,6.9,12.9173611111111,1.62827949464901
"17",2019-10-31,0,20.6,10.4,14.4027777777778,1.77860316420478
"18",2019-11-01,0,23.2,10.9,16.1027777777778,1.96606649265692
"19",2019-11-02,0,27,15.8,20.2826388888889,2.51252411819803
"20",2019-11-03,0,25.7,17.6,20.5284722222222,2.54054450134546
"21",2019-11-04,0,26.8,17.1,20.3298611111111,2.5031227637568
"22",2019-11-05,0,26.2,16.2,19.9083333333333,2.43427655229238
"23",2019-11-06,0,25.4,16.5,19.5569444444444,2.37698578648334
"24",2019-11-07,0,27.6,16.6,19.7569444444444,2.39752525096773
"25",2019-11-08,0,27.4,17.4,21.2180555555556,2.60285785868712
"26",2019-11-09,0,27.3,17.4,21.4402777777778,2.6285061692866
"27",2019-11-10,0,27.9,16.7,20.4854166666667,2.47898627973719
"28",2019-11-11,0,26.3,16.1,20.2069444444444,2.43166097237151
"29",2019-11-12,0,26.4,17.7,20.6736111111111,2.49144689069645
"30",2019-11-13,0,24.1,11.4,18.2652777777778,2.15590675914466
"31",2019-11-14,0,16.5,6.7,10.3104166666667,1.31909117802936
"32",2019-11-15,0,18.4,7.3,11.4673611111111,1.41502889385235
"33",2019-11-16,0,23.8,12,17.3965277777778,2.02977287769933
"34",2019-11-17,0,26.1,14.1,19.0104166666667,2.22809547374079
"35",2019-11-18,0,25.2,16.4,20.4909722222222,2.42396394914147
"36",2019-11-19,0.935,18.8,6.2,10.7284722222222,1.33612846762093
"37",2019-11-20,0.085,14,5.9,10.3013888888889,1.29714178168827
"38",2019-11-21,0,14.5,6.2,9.72291666666667,1.24715789320118
"39",2019-11-22,0,18,7.1,11.1326388888889,1.36035968971759
"40",2019-11-23,0,18.7,9.3,13.0881944444444,1.53351710635179
"41",2019-11-24,0,20.1,10.8,14.2347222222222,1.64209449250825
"42",2019-11-25,0,13.2,6.2,9.84930555555556,1.24543450489592
"43",2019-11-26,15.64,7.7,1.3,4.77430555555556,0.893280440650674
"44",2019-11-27,15.47,5.4,0.1,1.53541666666667,0.716594850953579
"45",2019-11-28,3.213,10.8,0,1.59448275862069,0.718012277335302
"46",2019-11-29,3.264,7.6,0.8,2.32986111111111,0.753374941898349
"47",2019-11-30,1.258,9,0.7,4.70416666666667,0.881962199952794
"48",2019-12-01,3.4,11.2,7.9,9.2,1.18045827213361
"49",2019-12-02,16.711,12.2,9.1,10.31875,1.26545495403025
"50",2019-12-03,0.17,16,9.3,12.0305555555556,1.4071321735393
"51",2019-12-04,13.158,12.6,7.8,9.40694444444444,1.19016299203095
"52",2019-12-05,0.085,13,6.6,9.66875,1.20838095511545
"53",2019-12-06,0,15.7,8.8,11.0395833333333,1.31621986875417
"54",2019-12-07,38.352,11.1,8.3,9.87916666666667,1.22127031168321
"55",2019-12-08,19.431,11.8,7.3,8.78541666666667,1.13731851317259
"56",2019-12-09,0.119,11.4,5.7,7.87777777777778,1.0713879626201
"57",2019-12-10,1.343,13.7,5.2,8.69791666666667,1.12836300915605
"58",2019-12-11,0.527,12,7.2,10.3131944444444,1.24970822721487
"59",2019-12-12,0.017,14.6,10.3,12.2909722222222,1.41399103525851
"60",2019-12-13,3.57,13.8,8.5,10.3444444444444,1.2500014132379
"61",2019-12-14,7.429,8.8,3.9,5.76875,0.929241236866753
"62",2019-12-15,0,9.6,1.7,4.59097222222222,0.858957020862451
"63",2019-12-16,0,12.6,3.3,6.46111111111111,0.971327574309389
"64",2019-12-17,0,12.3,6.1,8.90138888888889,1.13733647893477
"65",2019-12-18,16.32,8.2,5.3,6.51527777777778,0.973976682538952
"66",2019-12-19,3.196,10.4,5.8,7.53958333333333,1.040964320726
"67",2019-12-20,0,16,6.1,11.2895833333333,1.32265030878079
"68",2019-12-21,0,12.7,9.2,11.4243055555556,1.33379319244892
"69",2019-12-22,11.271,10.8,3.2,6.7,0.985310279310989
"70",2019-12-23,0.034,8.6,2.9,4.39930555555556,0.846545052116911
"71",2019-12-24,0.714,5.7,2.6,3.54236111111111,0.799528210866846
"72",2019-12-25,3.468,6.5,2.7,4.19444444444444,0.835466803085923
"73",2019-12-26,0.34,10.7,3.1,5.88680555555556,0.935049552746054
"74",2019-12-27,0,11.9,5.1,7.55069444444444,1.04299914140949
"75",2019-12-28,0,15.6,7.1,10.1680555555556,1.23457832475982
"76",2019-12-29,6.29,11.6,5.4,7.7375,1.05703010203931
"77",2019-12-30,0,12.3,3.8,7.83611111111111,1.06461467109439
"78",2019-12-31,0,15.6,7.1,10.2965277777778,1.24753129756355
"79",2020-01-01,0,14.6,7.6,10.7854166666667,1.28796137553529
"80",2020-01-02,0,15.6,5.3,11.2097222222222,1.32425951368842
"81",2020-01-03,0,18.4,10.5,13.0902777777778,1.49101044815281
"82",2020-01-04,0.221,13,5.6,8.19236111111111,1.09505365860582
"83",2020-01-05,0.17,10.7,2.8,6.67777777777778,0.993701671800249
"84",2020-01-06,0,16,6,10.5611111111111,1.27750322658164
"85",2020-01-07,0.408,16.8,4.4,10.2409722222222,1.25367369916157
"86",2020-01-08,1.853,8,3.9,5.28472222222222,0.910673950570225
"87",2020-01-09,15.181,7.3,3.5,4.93819444444444,0.891447280581
"88",2020-01-10,0,13.4,4.4,7.64097222222222,1.06622966693634
"89",2020-01-11,1.411,8,3.2,5.17361111111111,0.908632977704254
"90",2020-01-12,0.034,9.4,1.3,4.00277777777778,0.842070572852243
"91",2020-01-13,3.179,8.3,2.6,5.05902777777778,0.905185696158582
"92",2020-01-14,5.032,8,2.2,4.28541666666667,0.861511336085223
"93",2020-01-15,0,8.6,1.4,4.18819444444444,0.857717424163718
"94",2020-01-16,24.106,5.4,-0.2,2.41041666666667,0.762630396719342
"95",2020-01-17,4.012,8.2,0.7,3.66041666666667,0.831561864928886
"96",2020-01-18,0,13.6,3.1,7.36041666666667,1.06418481927155
"97",2020-01-19,0,17.8,7.9,12.125,1.4451910658582
"98",2020-01-20,0,13.7,5.5,10.1375,1.27817677700615
"99",2020-01-21,3.978,11.7,5.5,7.33402777777778,1.0700583077878
"100",2020-01-22,6.341,13,7.5,9.06805555555556,1.19984307395947
"101",2020-01-23,0,16.9,9.1,12.0708333333333,1.4547605205887
"102",2020-01-24,0,16.9,9,12.0201388888889,1.45398788812489
"103",2020-01-25,0.255,16.7,10,12.0229166666667,1.4581598965797
"104",2020-01-26,6.579,11.8,5.8,8.72430555555555,1.18623361878596
"105",2020-01-27,0,14.6,6,9.24722222222222,1.23012269272798
"106",2020-01-28,0.425,12.6,5.4,7.40763888888889,1.09561268770984
"107",2020-01-29,0,14.2,5.3,10.1798611111111,1.31297244262052
"108",2020-01-30,0,15.8,8.9,11.2763888888889,1.41133571072405
"109",2020-01-31,0,20.7,10.4,15.4340277777778,1.83067572132603
"110",2020-02-01,0,21.5,12,16.3763888888889,1.94406225508907
"111",2020-02-02,0,12.6,0.2,6.81805555555556,1.07009870678269
"112",2020-02-03,0,5.7,-0.2,2.70972222222222,0.816898694067176
"113",2020-02-04,0,10.6,1.6,4.44236111111111,0.920551352300263
"114",2020-02-05,0,17,4,9.8875,1.31658358135107
"115",2020-02-06,0,18.1,9.7,13.4222222222222,1.64865946177721
"116",2020-02-07,0,20.8,12.2,16.0680555555556,1.94445093605283
"117",2020-02-08,0,15.7,6.8,12.0986111111111,1.5283050367919
"118",2020-02-09,0,11.2,4,7.05208333333333,1.11106910841961
"119",2020-02-10,0,18.8,7.5,12.5006944444444,1.57747112553264
"120",2020-02-11,0,18.9,9.9,14.5076388888889,1.79164065965483
"121",2020-02-12,0,18.5,11.2,13.8986111111111,1.73164499256179
"122",2020-02-13,0,15,6.4,10.8236111111111,1.43429425756758
"123",2020-02-14,0,15.7,5.3,11.1520833333333,1.46929189116347
"124",2020-02-15,0,17.6,9.3,12.1923611111111,1.57370481578124
"125",2020-02-16,0,15.2,7,10.7819444444444,1.4452221583958
"126",2020-02-17,0,17.8,9.2,12.8145833333333,1.64716522021317
"127",2020-02-18,0,17.6,8.8,12.0666666666667,1.57759427231803
"128",2020-02-19,0,17.2,8.7,11.7506944444444,1.5520738923283
"129",2020-02-20,0,17.8,8.5,12.8298611111111,1.6659765093131
"130",2020-02-21,0,19.7,12.1,15.0222222222222,1.91338436387655
"131",2020-02-22,0,15.3,5.3,11.6986111111111,1.56330756749508
"132",2020-02-23,0,13.5,3.8,7.79027777777778,1.22288828155697
"133",2020-02-24,0,18.3,9.1,14.0506944444444,1.82193016656421
"134",2020-02-25,0,23.4,13.3,16.4701388888889,2.11859543961978
"135",2020-02-26,0,23.2,13.3,16.79375,2.16792846397064
"136",2020-02-27,0,22.5,12.5,17.1833333333333,2.22710033508934
"137",2020-02-28,0,24,12.9,17.3229166666667,2.25376988485631
"138",2020-02-29,0,13.7,2.9,9.03125,1.35309290046609
"139",2020-03-01,0,7.9,1.1,5.03958333333333,1.04673515447616
"140",2020-03-02,0,16.7,5.3,10.5784722222222,1.50387449273421
"141",2020-03-03,0,22.8,11.7,16.2777777777778,2.1467218623612
"142",2020-03-04,0,23.2,13.5,17.2256944444444,2.28077218397463
"143",2020-03-05,0,18.9,6.5,13.6381944444444,1.84025076476453
"144",2020-03-06,0,16.7,4.3,8.88472222222222,1.36926483044089
"145",2020-03-07,5.287,7.4,3.8,5.06527777777778,1.07106827735989
"146",2020-03-08,1.717,9.1,4,5.87708333333333,1.13408765269234
"147",2020-03-09,0,14,4.7,9.04861111111111,1.39850417589313
"148",2020-03-10,0.425,17.9,9.1,12.1548611111111,1.70829865098777
"149",2020-03-11,0.493,17.2,9.7,12.2576388888889,1.72536840703664
"150",2020-03-12,0,20.3,11.1,14.5541666666667,1.99560724925173
"151",2020-03-13,0,14.2,5.3,9.59791666666667,1.46905903394474
"152",2020-03-14,48.62,6.8,4.2,5.30208333333333,1.11516963784924
"153",2020-03-15,35.292,5.1,2.4,3.65833333333333,1.00299196746718
"154",2020-03-16,20.298,8.3,0.1,2.16319444444444,0.909842165008754
"155",2020-03-17,9.656,8.9,-0.2,2.27361111111111,0.919888387666092
"156",2020-03-18,1.819,6.3,1.8,3.6875,1.01550492680608
"157",2020-03-19,1.156,8.3,2.5,5.08194444444444,1.11832207758332
"158",2020-03-20,0.085,11.8,3.7,7.09305555555556,1.28076364609503
"159",2020-03-21,0.544,11.1,5.8,7.61875,1.32986569457633
"160",2020-03-22,21.76,14.3,6.2,9.0375,1.46229181280803
"161",2020-03-23,0,9.8,4,6.33541666666667,1.23147419791052
"162",2020-03-24,8.381,7.9,3.1,4.67847222222222,1.10758323877567
"163",2020-03-25,4.386,7.8,1.3,3.64375,1.0371170146532
"164",2020-03-26,0.153,9,0.7,3.79236111111111,1.05104902664597
"165",2020-03-27,0,10.7,2.6,5.01111111111111,1.14385893955415
"166",2020-03-28,4.947,9,4.3,5.64513888888889,1.19685369056487
"167",2020-03-29,0.612,11.9,4.8,7.12916666666667,1.32355055970639
"168",2020-03-30,0.034,14.8,5.7,8.92638888888889,1.49158292484369
"169",2020-03-31,0,17.1,7.3,11.7638888888889,1.79155240863288
"170",2020-04-01,0,13.3,2.5,7.17847222222222,1.34103410397367
"171",2020-04-02,0,13.6,5,8.48402777777778,1.46413195553566
"172",2020-04-03,0,14.2,3.4,7.57638888888889,1.38518629410296
"173",2020-04-04,13.651,9.1,2.3,6.18680555555556,1.2691606736408
"174",2020-04-05,56.321,7.1,2.9,5.22708333333333,1.19517853138844
"175",2020-04-06,11.016,6.9,1.5,3.12291666666667,1.04178561153331
"176",2020-04-07,0.102,12,1.7,6.7625,1.33064902926488
"177",2020-04-08,0,14.8,5.7,8.74861111111111,1.5182156850992
"178",2020-04-09,0.255,10.9,5.8,7.99930555555556,1.45117222839404
"179",2020-04-10,0.119,14.9,5.6,9.22777777777778,1.57543231400543
"180",2020-04-11,0.085,15.6,4.3,9.04791666666667,1.56222105260756
"181",2020-04-12,1.292,13.7,6.3,8.87083333333333,1.54933669204105
"182",2020-04-13,0.884,18.5,6.6,11.5388888888889,1.84093892880207
"183",2020-04-14,0,21.5,11.2,15.2645833333333,2.324898113667
"184",2020-04-15,0,22.8,13.2,17.8986111111111,2.73291022083296
"185",2020-04-16,0,16.7,7.5,11.8854166666667,1.89844336089727
"186",2020-04-17,0.34,14.5,6.2,8.89305555555556,1.5750790206389
"187",2020-04-18,0.034,15.3,5.8,8.85,1.57535398352458
"188",2020-04-19,0,16.8,6.1,10.0118055555556,1.70170657299675
"189",2020-04-20,0,13,5.6,8.04444444444444,1.50438072167293
"190",2020-04-21,0,18.3,5.4,10.7347222222222,1.79178503338622
"191",2020-04-22,0,21,11.7,16.2097222222222,2.52036144760194
"192",2020-04-23,0,22.5,11.7,17.1694444444444,2.67773957243609
"193",2020-04-24,0,24.8,17.8,20.9604166666667,3.35882470717347
"194",2020-04-25,0,24.9,16.1,20.3395833333333,3.24835787963295
"195",2020-04-26,0,21.5,13.2,17.3291666666667,2.72588299364516
"196",2020-04-27,0,21.7,12.2,16.8,2.64780413104037
"197",2020-04-28,0,25.7,15.3,20.2923611111111,3.26565748081955
"198",2020-04-29,0,20.1,11.4,16.2444444444444,2.57419417473683
"199",2020-04-30,0,20.6,10.2,15.5145833333333,2.46924912773089
"200",2020-05-01,0,20.3,9,14.3368055555556,2.30380757397513
"201",2020-05-02,0,18.9,7.8,12.3569444444444,2.04342167258801
"202",2020-05-03,0,17.8,7.3,12.2951388888889,2.04064825270408
"203",2020-05-04,0,23.9,11.5,16.6347222222222,2.66906090924919
"204",2020-05-05,0,22.1,8.4,15.9305555555556,2.56416050330128
"205",2020-05-06,0,23.6,9.1,16.9145833333333,2.7274790660526
"206",2020-05-07,0,27.6,17.4,21.8645833333333,3.65924023127379
"207",2020-05-08,0,29.8,20.2,24.1541666666667,4.18103875057779
"208",2020-05-09,0,27.5,17.2,22.3069444444444,3.77101780999578
"209",2020-05-10,0,22.2,11.6,17.0152777777778,2.76935677115486
"210",2020-05-11,1.343,20.7,9.1,13.7479166666667,2.27514655356279
"211",2020-05-12,2.567,13.1,6.7,9.02986111111111,1.69481736673732
"212",2020-05-13,2.04,17.5,6,9.96736111111111,1.80320390128698
"213",2020-05-14,0,17.5,7.8,11.39375,1.9775172496636
"214",2020-05-15,0.306,19.4,8,13.0375,2.19571384334062
"215",2020-05-16,0,22.2,10.5,15.4104166666667,2.54524503442591
"216",2020-05-17,8.67,14.1,8.8,11.5354166666667,2.00714768923886
"217",2020-05-18,17.748,14,6.9,9.21736111111111,1.73612700953105
"218",2020-05-19,0.408,15.3,6.3,9.30416666666667,1.74904151362612
"219",2020-05-20,0.017,19.2,6.5,11.5777777777778,2.02373088382922
"220",2020-05-21,0,23.4,11.9,16.4701388888889,2.73923471877049
"221",2020-05-22,0,19.9,7.5,13.4861111111111,2.28704671343934
"222",2020-05-23,0,23.2,12.7,17.0972222222222,2.85415247723206
"223",2020-05-24,0,28.4,16.6,21.3854166666667,3.68118731614472
"224",2020-05-25,0,31.4,20.8,25.04375,4.54379567641103
"225",2020-05-26,0,32.8,23.4,27.3423611111111,5.17335386823953
"226",2020-05-27,0,33.7,24.2,27.8416666666667,5.32567861664897
"227",2020-05-28,0,32.7,20.9,26.4826388888889,4.94663464720599
"228",2020-05-29,0,25.7,10.2,19.0048611111111,3.22611286649251
"229",2020-05-30,0.935,18.3,10,12.6236111111111,2.19394732984154
"230",2020-05-31,0.017,17.9,8.8,13,2.24867676919684
"231",2020-06-01,0,24.2,10.2,17.0715277777778,2.88620372321331
"232",2020-06-02,0,29.2,17.2,23.2486111111111,4.14810804518108
"233",2020-06-03,0,33.2,21.4,26.9611111111111,5.11742336290472
"234",2020-06-04,0,34.1,17.9,26.95625,5.12133494111312
"235",2020-06-05,0,20.9,7.1,13.8923611111111,2.38915825451677
"236",2020-06-06,0,17.1,6.9,10.5791666666667,1.94453438384351
"237",2020-06-07,0,15.1,5.7,9.7625,1.84784891421503
"238",2020-06-08,0,22,9.5,15.3152777777778,2.61337044096689
"239",2020-06-09,0,28.3,15.2,21.2673611111111,3.72497242208548
"240",2020-06-10,0,31.9,20.1,24.3979166666667,4.45978410158753
"241",2020-06-11,0,29.6,14.2,21.9236111111111,3.87421299865665
"242",2020-06-12,0,16.7,8,12.7194444444444,2.23352197073179
"243",2020-06-13,0,18.5,7.5,11.6715277777778,2.09310577005751
"244",2020-06-14,0,23.5,9.5,15.9125,2.71960983567579
"245",2020-06-15,0,22.9,8.4,17.1979166666667,2.93975968167176
"246",2020-06-16,0,20.5,7.9,13.6076388888889,2.36381168543579
"247",2020-06-17,0,26.6,14.3,19.7111111111111,3.41453705432366
"248",2020-06-18,0,30.5,19.1,23.4152777777778,4.23178342802074
"249",2020-06-19,0,29.9,21.4,24.4493055555556,4.48838555022656
"250",2020-06-20,0,28.9,15.4,22.6166666666667,4.04372616449309
"251",2020-06-21,0,27.4,17.1,21.475,3.78623826716681
"252",2020-06-22,0,31.3,19.6,24.4340277777778,4.48481170570243
"253",2020-06-23,0,32.5,22.2,26.6208333333333,5.06948619124604
"254",2020-06-24,0,31.4,20.9,25.4493055555556,4.74759514699189
"255",2020-06-25,0,30.1,19.5,24.0513888888889,4.38652176680457
"256",2020-06-26,0,31.1,21.9,26.0263888888889,4.90102482498513
"257",2020-06-27,0,32.2,16.4,26.2722222222222,4.96702283968158
"258",2020-06-28,0,21.6,10,15.2534722222222,2.61261559687962
"259",2020-06-29,0,25.1,15.8,19.4520833333333,3.35769144868313
"260",2020-06-30,0,30.1,18.5,22.7666666666667,4.06841297416235
"261",2020-07-01,0,26.8,15.7,20.5743055555556,3.58192639797917
"262",2020-07-02,0,24.8,12.6,18.4979166666667,3.16807809568505
"263",2020-07-03,0,27.7,15.2,20.2395833333333,3.50785267241035
"264",2020-07-04,0,30.7,19.7,24.3833333333333,4.44880953260856
"265",2020-07-05,0,30.4,16.7,23.7354166666667,4.28472906929806
"266",2020-07-06,0,25.5,12.6,19.6784722222222,3.38601549636152
"267",2020-07-07,0,27.9,10.6,19.1881944444444,3.28661313579643
"268",2020-07-08,0,29.8,19.5,23.2493055555556,4.15598420837377
"269",2020-07-09,0,30.6,18.4,23.8138888888889,4.28734037275117
"270",2020-07-10,0,33.1,21.1,25.225,4.63822489446327
"271",2020-07-11,0,34.5,24,28.6291666666667,5.59575435517372
"272",2020-07-12,0,35.6,22.1,28.6715277777778,5.6019340811487
"273",2020-07-13,0,29.3,17.7,22.6236111111111,3.98659329868704
"274",2020-07-14,0,26.9,16,20.3576388888889,3.49174465906972
"275",2020-07-15,0,28.4,17.3,21.6307692307692,3.75481719657836
"276",2020-07-16,0,29.2,19.2,22.9354166666667,4.0417658103686
"277",2020-07-17,0,28.9,19.5,23.1048611111111,4.07509848884735
"278",2020-07-18,0,30.4,20.5,24.4152777777778,4.38367497947409
"279",2020-07-19,0,29.3,19.5,23.0979166666667,4.06082475615804
"280",2020-07-20,0,28.3,18.5,22.5652777777778,3.93236312969228
"281",2020-07-21,0,29,17.5,22.7680555555556,3.9716955106031
"282",2020-07-22,0,26.4,14.1,19.3118055555556,3.2433304522306
"283",2020-07-23,0,28.2,14.5,20.0083333333333,3.3728332355867
"284",2020-07-24,0,27.3,16.2,21.1645833333333,3.60156722050052
"285",2020-07-25,0,29.8,19.5,24.0548611111111,4.24346946999483
"286",2020-07-26,0,30.6,20.4,25.4458333333333,4.58117377758885
"287",2020-07-27,0,30.8,20.4,25.0236111111111,4.46497230796532
"288",2020-07-28,0,31.4,22.2,25.9284722222222,4.68810140955914
"289",2020-07-29,0,31.6,23,25.8041666666667,4.64610545604906
"290",2020-07-30,0,31,20.7,24.9104166666667,4.40945347396861
"291",2020-07-31,0,29.5,20.1,24.1854166666667,4.22342569970405
"292",2020-08-01,0,29.9,19.1,23.6034722222222,4.07722348555919
"293",2020-08-02,0,31.7,20.6,25.3513888888889,4.49087546420634
"294",2020-08-03,0,31.5,15.8,23.2777777777778,3.98439801953442
"295",2020-08-04,0,27.5,14.2,19.9965277777778,3.28810583906535
"296",2020-08-05,0.238,19.9,10.5,13.2180555555556,2.18071945084496
"297",2020-08-06,0.442,24.5,10.4,16.1555555555556,2.6039026246589
"298",2020-08-07,0,28.9,15.2,20.8965277777778,3.44103097380763
"299",2020-08-08,0,29.9,20.5,24.2145833333333,4.15308093531115
"300",2020-08-09,0,32.7,22.7,26.7381944444444,4.77296706457678
"301",2020-08-10,0,31.3,20.5,25.8111111111111,4.52118109656639
"302",2020-08-11,0,28.8,20.8,23.8555555555556,4.03884662933428
"303",2020-08-12,0,32.4,22.2,26.4256944444444,4.65512025916112
"304",2020-08-13,0,35.5,24.7,28.1736111111111,5.11428582786254
"305",2020-08-14,0,37.7,25.9,30.4333333333333,5.76871803591159
"306",2020-08-15,0,38.7,27,31.3166666666667,6.0333361735532
"307",2020-08-16,0.34,38.9,23.3,30.9979166666667,5.91500120253634
"308",2020-08-17,0,35,26.3,30.0229166666667,5.59663577396085
"309",2020-08-18,0,37,27,30.8201388888889,5.82666342980147
"310",2020-08-19,0,34.8,26.7,30.0923611111111,5.58665696906027
"311",2020-08-20,0,35.5,21.8,26.3777777777778,4.54306776562201
"312",2020-08-21,0,33.3,28.4,30.3666666666667,5.63814502876732
"313",2020-08-22,0,33.7,31.4,32.48,6.29587592173037
"314",2020-08-23,0,30.3,28.8,29.5,5.34857356477254
"315",2020-08-24,0,30.6,29.7,30.06,5.49748475196602
"316",2020-08-25,0,27.2,26.3,26.6,4.53353381662455
"317",2020-08-26,0,29.9,25.3,28.2142857142857,4.94185834351027
"318",2020-08-27,0,27.6,25.4,26.12,4.38765291285236
"319",2020-08-28,0,32.8,24.6,28.1879518072289,4.90514424532269
"320",2020-08-29,0,30.8,21.9,25.5284722222222,4.21917942907125
"321",2020-08-30,0,31.1,23,26.2006944444444,4.36744538837891
"322",2020-08-31,0,29.6,22.1,25.1451388888889,4.10400719138962
"323",2020-09-01,0,26.3,16.2,21.9083333333333,3.40224348278859
"324",2020-09-02,0,28.3,17.8,22.0208333333333,3.41370579919118
"325",2020-09-03,0,30.6,22,25.9923611111111,4.26347278514205
"326",2020-09-04,0,32.1,24.9,27.8076388888889,4.70033123963269
"327",2020-09-05,0,38.2,27.6,31.7048611111111,5.7888176580502
"328",2020-09-06,0,42.7,30.9,35.3597222222222,6.99624613704346
"329",2020-09-07,0,41.5,27.7,34.4569444444444,6.6529674245396
"330",2020-09-08,0,30.6,22.7,27.3048611111111,4.51328743420192
"331",2020-09-09,0,23.8,20,21.4104166666667,3.22227943289646
"332",2020-09-10,0,23.5,19,20.7333333333333,3.08785183533148
"333",2020-09-11,0,27,19.1,22.51875,3.41254066232922
"334",2020-09-12,0,32.1,20.1,24.8152777777778,3.87617983025449
"335",2020-09-13,0,29.4,18.5,23.3868055555556,3.56266170716755
"336",2020-09-14,0,30.4,21.4,24.2284722222222,3.72481134868057
"337",2020-09-15,0,29.5,21,24.1666666666667,3.69935996509673
"338",2020-09-16,0,29.6,18.8,22.5798611111111,3.36784586593763
"339",2020-09-17,0,27.6,15.5,21.4333333333333,3.14173333411269
"340",2020-09-18,0,24.4,12.7,17.2659722222222,2.44948298877464
"341",2020-09-19,0,25.7,11.9,17.7416666666667,2.5115792903021
"342",2020-09-20,0,30.2,18.1,23.0965277777778,3.42214436965474
"343",2020-09-21,0,29.4,17.6,22.9201388888889,3.37617868369005
"344",2020-09-22,0,28.7,16.8,21.3631944444444,3.07594743152926
"345",2020-09-23,0,28,13.7,21.2513888888889,3.04553182714548
"346",2020-09-24,0,26.1,12.6,18.4479166666667,2.57467975687852
"347",2020-09-25,0,26,11,17.4444444444444,2.41685361624961
"348",2020-09-26,0,27.7,17.8,22.2625,3.19529159304821
"349",2020-09-27,0,31.7,19.8,25.3222222222222,3.7891932612434
"350",2020-09-28,0,36,23.9,29.1583333333333,4.66894084892414
"351",2020-09-29,0,34.8,25.5,29.0194444444444,4.61748109275142
"352",2020-09-30,0,37.2,25.2,29.8368055555556,4.81049099611088
"353",2020-10-01,0,35,26.6,29.4416666666667,4.69180821185567
"354",2020-10-02,0,33.7,26.6,29.1319444444444,4.5970934147691
"355",2020-10-03,0,33.8,25.3,28.6777777777778,4.46864628334283
"356",2020-10-04,0,33.5,23.3,28.2201388888889,4.34255956545621
"357",2020-10-05,0,32.5,23.4,26.9180555555556,4.02714985557009
"358",2020-10-06,0,31.2,22.8,25.8270833333333,3.7762685789941
"359",2020-10-07,0,28.9,22,24.2451388888889,3.44225840539735
"360",2020-10-08,0,22.2,9.6,18.0729166666667,2.39690680740682
"361",2020-10-09,0.017,21.8,9,14.51875,1.92710074828244
"362",2020-10-10,0,21.4,12.1,15.1284722222222,1.99317607344603
"363",2020-10-11,0.034,24.9,11.4,17.1909722222222,2.24983707834272
"364",2020-10-12,0,30.6,17.9,22.9083333333333,3.13383485462563
"365",2020-10-13,0,30.5,21.3,24.7868055555556,3.474565178615
"366",2020-10-14,0,31.2,21,25.5368055555556,3.61145980267266
"367",2020-10-15,0,32.7,21.6,25.9243055555556,3.67764761060953
"368",2020-10-16,0,32.9,20.9,26.1395833333333,3.7090212328439
"369",2020-10-17,0,33.3,23.2,27.0006944444444,3.87731440314929
"370",2020-10-18,0,32,21.6,25.6659722222222,3.58673747990426
"371",2020-10-19,0,29.9,20.9,24.3722222222222,3.32306038206685
"372",2020-10-20,0,30.1,21,23.9847222222222,3.23950926643385
"373",2020-10-21,0,29.4,20,23.7715277777778,3.18935613147424
"374",2020-10-22,0,25.7,16.7,20.4993055555556,2.63221946680005
"375",2020-10-23,0,22.4,7.9,15.4798611111111,1.94524892251398
"376",2020-10-24,0,18.9,10.6,13.33125,1.6992406612989
"377",2020-10-25,0,17.8,9.9,12.3159722222222,1.58990072957166
"378",2020-10-26,0,21,8.5,14.3069444444444,1.79219799619112
"379",2020-10-27,0,23.8,11.3,17.2583333333333,2.13613916009878
"380",2020-10-28,0,23.6,13.5,17.5319444444444,2.16406817468329
"381",2020-10-29,0,25.8,15.2,19.3333333333333,2.40014379404164
"382",2020-10-30,0,25.5,17.1,19.9340277777778,2.47809650299044
"383",2020-10-31,0,27.9,18.1,21.6513888888889,2.72964695455854
"384",2020-11-01,0,30.3,19.5,23.4763888888889,3.02120411213039
"385",2020-11-02,0,29.7,19.2,23.9680555555556,3.09675959569026
"386",2020-11-03,0,26.3,17.6,20.8951388888889,2.58700787045994
"387",2020-11-04,0,24.4,17,19.8541666666667,2.42655469255955
"388",2020-11-05,0,28,16.8,21.7194444444444,2.6963814910652
"389",2020-11-06,0.561,15.1,4.1,7.93125,1.15662786944948
"390",2020-11-07,0.527,12.1,3.4,5.81666666666667,1.00434833097614
"391",2020-11-08,0.153,8.2,1.8,4.47013888888889,0.915808144601921
"392",2020-11-09,0.391,12.1,2.6,5.22777777777778,0.960146188888906
"393",2020-11-10,0,15.8,4.2,8.56388888888889,1.19017471622074
"394",2020-11-11,0.136,12.7,4.8,8.44027777777778,1.17724712902199
"395",2020-11-12,0,16.2,6.9,10.0465277777778,1.30090432933834
"396",2020-11-13,17.068,13.6,6.4,9.25972222222222,1.23368191237705
"397",2020-11-14,0.034,15,6.1,10.0354166666667,1.29259492548278
"398",2020-11-15,0,19.8,10.7,14.6125,1.71500734724679
"399",2020-11-16,0,27.4,14,19.3444444444444,2.27243282348884
"400",2020-11-17,25.619,20,9.8,12.8791666666667,1.53287128152404
"401",2020-11-18,17.884,11.5,7.5,9.72638888888889,1.25378691819022
"402",2020-11-19,0.034,13.6,6.8,9.04375,1.19717357450065
"403",2020-11-20,0,15.1,6.6,10.2743055555556,1.29166705798924
"404",2020-11-21,0,16.4,9.1,12.0854166666667,1.44417282771403
"405",2020-11-22,0,17.4,8,12.0541666666667,1.43791213848057
"406",2020-11-23,0.068,13.5,6.4,8.84583333333333,1.17067746054103
"407",2020-11-24,0,15.9,8.2,11.2083333333333,1.357348912212
"408",2020-11-25,0,13,6.1,7.87152777777778,1.09450617061564
"409",2020-11-26,0,13,5.3,8.34444444444444,1.12606589828259
"410",2020-11-27,0,16.2,7.1,10.5902777777778,1.29710664309633
"411",2020-11-28,0,17.3,9,12.5208333333333,1.46133154310646
"412",2020-11-29,0,18.8,10,13.7472222222222,1.5736969747148
"413",2020-11-30,0,19.5,9.7,14.1534722222222,1.6105787793618
"414",2020-12-01,0,18,8.6,12.8423611111111,1.48265049404455
"415",2020-12-02,0,17.7,9.8,13.6381944444444,1.55491068225811
"416",2020-12-03,0,18.4,10,13.3756944444444,1.5274476047233
"417",2020-12-04,0,19.5,11,14.0284722222222,1.58777837747198
"418",2020-12-05,0,21,10.4,13.5173611111111,1.53632107253448
"419",2020-12-06,0,16.2,8.6,11.5618055555556,1.35833704299533
"420",2020-12-07,0,20.5,9.7,14.3993055555556,1.61776148710641
"421",2020-12-08,0,22.1,15.4,18.2833333333333,2.04277053335239
"422",2020-12-09,0,21.4,12,15.7395833333333,1.75155333305552
"423",2020-12-10,0,17.3,7.2,11.8541666666667,1.37716956284572
"424",2020-12-11,20.825,13.2,3.2,5.96805555555556,0.942991166991575
"425",2020-12-12,11.713,12.3,7.5,9.10138888888889,1.15477809933484
"426",2020-12-13,23.902,8.8,4.3,7.61736111111111,1.04863358950689
"427",2020-12-14,0,9.5,2.4,5.38402777777778,0.905356645689394
"428",2020-12-15,0,12.8,5.4,8.44305555555556,1.1048113976278
"429",2020-12-16,0,14.5,7.8,10.6298611111111,1.26976145265208
"430",2020-12-17,20.009,8.6,4.5,6.21388888888889,0.954918475201491
"431",2020-12-18,0,12.3,5.1,8.12777777777778,1.08138121251665
"432",2020-12-19,0,15.4,8.5,11.9979166666667,1.38274846417505
"433",2020-12-20,0,18.8,9.8,14.1840277777778,1.58328769296431
"434",2020-12-21,0,19.4,8.4,14.8625,1.65050311237227
"435",2020-12-22,0,13.8,4.5,8.69513888888889,1.12149670774225
"436",2020-12-23,0,14.2,6.5,9.82430555555556,1.20577393626258
"437",2020-12-24,0,16.3,10.2,12.6888888888889,1.44441474257021
"438",2020-12-25,0.034,13.3,8,10.1166666666667,1.22925091754585
"439",2020-12-26,0.714,10.5,5.3,7.25833333333333,1.02336730533083
"440",2020-12-27,0,11.3,4.7,7.04444444444444,1.00979148941329
"441",2020-12-28,1.394,7.9,2.4,4.56736111111111,0.858319906027999
"442",2020-12-29,0,13.7,3.8,8.01319444444444,1.07688443992918
"443",2020-12-30,0.459,14.7,5,9.84027777777778,1.21187364726183
"444",2020-12-31,4.556,10.5,4.2,7.42638888888889,1.0385534680981
"445",2021-01-01,0,12.3,6.6,9.08680555555556,1.15601345301219
"446",2021-01-02,5.763,9.3,6.6,8.06041666666667,1.08323482738755
"447",2021-01-03,0,11.4,5.7,8.54027777777778,1.11854231189462
"448",2021-01-04,2.414,9.6,4.7,7.99722222222222,1.08133225829425
"449",2021-01-05,0.102,11.6,3.2,7.1625,1.02563819519631
"450",2021-01-06,0,14.2,8.1,10.6722222222222,1.28651569088938
"451",2021-01-07,0,17.1,8,11.3284722222222,1.34284213459255
"452",2021-01-08,0,12.7,6.6,9.93194444444444,1.23119336777197
"453",2021-01-09,0,15,4.6,8.90138888888889,1.15459535934067
"454",2021-01-10,0,14.8,7.9,10.2340277777778,1.25924404381184
"455",2021-01-11,0.051,16.3,5.8,9.87777777777778,1.23324452198244
"456",2021-01-12,0,14.2,8.8,11.4513888888889,1.36483093682106
"457",2021-01-13,0,21.4,10.4,14.3229166666667,1.63438376123467
"458",2021-01-14,0,22.5,10.4,16.00625,1.81458460045592
"459",2021-01-15,0,23.7,16,19.4458333333333,2.23274383072273
"460",2021-01-16,0,22.7,15.1,18.6923611111111,2.14018675715866
"461",2021-01-17,0,23.6,14.4,18.2805555555556,2.09317134118944
"462",2021-01-18,0,21.8,11.7,15.68125,1.79477597620721
"463",2021-01-19,0,12.3,6.1,9.20625,1.20158472668102
"464",2021-01-20,0,17.7,8.6,12.7027777777778,1.50179953839524
"465",2021-01-21,0,16.4,7.7,11.4055555555556,1.38822980152737
"466",2021-01-22,10.863,8.4,2.5,3.71458333333333,0.844687178328537
"467",2021-01-23,0.034,6.8,2,4.05763888888889,0.86655203600605
"468",2021-01-24,9.911,5.9,1,3.03541666666667,0.81119539512719
"469",2021-01-25,0.017,6,-0.9,1.28680555555556,0.722241684123746
"470",2021-01-26,1.666,4.2,-0.9,1.42638888888889,0.731176606523074
"471",2021-01-27,41.99,6.2,2,4.33958333333333,0.892670097621723
"472",2021-01-28,89.08,5.6,3.3,4.50138888888889,0.904916694495958
"473",2021-01-29,8.211,8.8,1.3,4.24722222222222,0.892279467672003
"474",2021-01-30,0,11.6,3.8,7.06458333333333,1.07766953866958
"475",2021-01-31,0,14.2,7.7,10.3326388888889,1.33361151355345
"476",2021-02-01,0,13.8,8.2,10.6965277777778,1.36881572512002
"477",2021-02-02,29.376,10.6,4,7.70347222222222,1.13356564579683
"478",2021-02-03,0,8.6,2.6,4.91805555555556,0.947179596649297
"479",2021-02-04,0,12.6,3.7,7.45,1.12201855579798
"480",2021-02-05,0,17.3,10.4,13.3493055555556,1.63601682724598
"481",2021-02-06,0,19.5,10.4,14.6125,1.77390661307393
"482",2021-02-07,0,17.8,11.9,14.9763888888889,1.81965434730875
"483",2021-02-08,0,16.7,10.5,13.0819444444444,1.62476863387873
"484",2021-02-09,0,15.2,6.5,10.1333333333333,1.35473374028088
"485",2021-02-10,0,14.2,7.2,9.63888888888889,1.31709901931459
"486",2021-02-11,21.624,11.8,5,9.23125,1.28751019089696
"487",2021-02-12,3.077,9.6,4.1,5.88472222222222,1.03958618682712
"488",2021-02-13,11.815,8.3,3.8,5.89097222222222,1.04352413234561
"489",2021-02-14,5.627,7.6,2.6,5.18055555555556,0.999084458290228
"490",2021-02-15,12.937,9.4,5.3,7.27708333333333,1.15040857669954
"491",2021-02-16,0.289,7.6,2.3,4.72569444444444,0.976025550763269
"492",2021-02-17,0,9.6,5.7,7.76527777777778,1.19564069708008
"493",2021-02-18,0,14.7,6.7,10.2715277777778,1.40894572496349
"494",2021-02-19,0.476,13.1,4,8.60138888888889,1.27073456905632
"495",2021-02-20,2.839,8.8,2.6,5.29861111111111,1.02796332770756
"496",2021-02-21,0,12,6.2,9.15972222222222,1.32632344729469
"497",2021-02-22,0,17.3,7.5,12.5916666666667,1.65300616418951
"498",2021-02-23,0,18.5,11.4,15.4986111111111,1.98356679641012
"499",2021-02-24,0,15.5,7.5,11.9590277777778,1.60022859489252
"500",2021-02-25,0,16.2,6.2,10.7347222222222,1.48687897324159
"501",2021-02-26,0,14.2,3.1,9.51041666666667,1.38047819835867
"502",2021-02-27,0,10.8,3.6,7.61458333333333,1.22622459382112
"503",2021-02-28,0,15.1,6.8,10.4423611111111,1.47519115751825
"504",2021-03-01,0,16.1,7.9,11.6409722222222,1.59663860169648
"505",2021-03-02,0,16.2,8.5,11.8354166666667,1.62195989300445
"506",2021-03-03,0,13.9,5.7,9.77291666666667,1.42887835849433
"507",2021-03-04,0,16.8,6.3,10.05625,1.46004817976263
"508",2021-03-05,0.357,15.7,6.9,10.1784722222222,1.4766593893447
"509",2021-03-06,6.63,11.3,2.1,5.54027777777778,1.09745716933156
"510",2021-03-07,0,12.3,2.5,7.40972222222222,1.24483540708666
"511",2021-03-08,0,10,1.4,4.33888888888889,1.02056035968154
"512",2021-03-09,12.444,9,1.4,4.17986111111111,1.01336405790508
"513",2021-03-10,15.878,4.9,0.2,1.87986111111111,0.870799459626808
"514",2021-03-11,6.341,8.2,0.6,3.53125,0.977160696698105
"515",2021-03-12,0,11.9,2.7,7.53680555555556,1.27753184146031
"516",2021-03-13,0.017,10.7,1.3,6.26527777777778,1.17992932089591
"517",2021-03-14,11.339,9.8,1,4.11875,1.02717761392053
"518",2021-03-15,5.916,3.3,0,1.51041666666667,0.864192457517771
"519",2021-03-16,0.969,10.3,0.9,4.82222222222222,1.08403634161285
"520",2021-03-17,0,10.6,1.3,5.74305555555556,1.15617209302611
"521",2021-03-18,24.786,11.6,3.9,7.70902777777778,1.31930960964256
"522",2021-03-19,0.816,9.8,3.7,7.02222222222222,1.26608143628415
"523",2021-03-20,0,9.3,2.9,4.99027777777778,1.11154498354983
"524",2021-03-21,0,12.7,4.8,8.10069444444444,1.36730519362089
"525",2021-03-22,0.085,11.7,2.8,6.65694444444444,1.24910201223192
"526",2021-03-23,0.034,11.6,3.5,8.17222222222222,1.38310507099263
"527",2021-03-24,0,14.6,4.3,9.68194444444444,1.52901752455559
"528",2021-03-25,2.38,10.9,3.7,5.94236111111111,1.20417571581613
"529",2021-03-26,0,15.5,6.1,10.5402777777778,1.6257302359986
"530",2021-03-27,0,19.2,11.4,14.8055555555556,2.12688619000031
"531",2021-03-28,0,21,13.2,16.11875,2.31140679470518
"532",2021-03-29,0,17.3,11.5,14.1034722222222,2.05102191625889
"533",2021-03-30,0,20.5,10.1,14.9916666666667,2.1729258531332
"534",2021-03-31,0,23.3,12.4,17.6972222222222,2.56689829332809
"535",2021-04-01,0,24.5,15.3,18.9375,2.77229136625728
"536",2021-04-02,0,21.3,10.4,16.6298611111111,2.42369837641541
"537",2021-04-03,0,14.8,2.5,8.66944444444444,1.48170795740161
"538",2021-04-04,0,14.9,3.5,7.32291666666667,1.36256177751625
"539",2021-04-05,0.102,14.3,3.3,7.57083333333333,1.38917569435255
"540",2021-04-06,0,18,8.2,11.9979166666667,1.84781316986544
"541",2021-04-07,0,16.3,3.3,10.6708333333333,1.70529308756108
"542",2021-04-08,0,18.7,4.7,11.4361111111111,1.79528080267426
"543",2021-04-09,0,16.8,4.1,10.1409722222222,1.65946633674015
"544",2021-04-10,0,20.1,1.6,10.7340277777778,1.72843435426411
"545",2021-04-11,0,20.8,11.5,15.4416666666667,2.32142771643565
"546",2021-04-12,0,20.4,13.4,15.8993055555556,2.39421673559257
"547",2021-04-13,0,14.3,4.3,9.82708333333333,1.64702731162502
"548",2021-04-14,0.034,16.2,2.9,8.81527777777778,1.54854523253078
"549",2021-04-15,0,17.5,8.3,11.7527777777778,1.87147567168587
"550",2021-04-16,0,18.6,8.6,13.9048611111111,2.14562312261974
"551",2021-04-17,0,21.1,10.9,16.2743055555556,2.48657117330315
"552",2021-04-18,0,24.7,15.5,19.7909722222222,3.07482034263518
"553",2021-04-19,0,20.9,10.2,16.3743055555556,2.51643533982234
"554",2021-04-20,0,14.9,5.1,9.31944444444444,1.62820357491698
"555",2021-04-21,0.068,18.7,4.4,10.4625,1.75615180791713
"556",2021-04-22,0,17.2,4.2,10.6666666666667,1.78409180717666
"557",2021-04-23,0.221,17.6,3.9,9.55069444444444,1.66668536678538
"558",2021-04-24,0,16.3,4.6,9.60347222222222,1.67700939672972
"559",2021-04-25,11.169,8.6,3.5,6.21736111111111,1.35071825388308
"560",2021-04-26,0.017,11.6,3.2,5.90694444444444,1.32708006585127
"561",2021-04-27,0,17.1,3.1,11.55625,1.91334593575173
"562",2021-04-28,0,23.2,14.4,17.9944444444444,2.84399641396642
"563",2021-04-29,0,25.2,16.9,19.8930555555556,3.19018627744471
"564",2021-04-30,0,24.1,10.4,18.29375,2.9104355338483
"565",2021-05-01,0,17.9,6.4,12.38125,2.03611939743557
"566",2021-05-02,0,20.1,6.4,15.3263888888889,2.44741849055646
"567",2021-05-03,0,24.4,16.2,19.8083333333333,3.20730219439843
"568",2021-05-04,0,26.4,17.5,21.5916666666667,3.56743455161561
"569",2021-05-05,0,27.6,14,21.6118055555556,3.58039961510011
"570",2021-05-06,0,20.9,9.3,15.2875,2.46596909441871
"571",2021-05-07,0,20,6.4,12.9104166666667,2.13580072410003
"572",2021-05-08,0,24.6,14.4,19.01875,3.09898581089292
"573",2021-05-09,0,23.3,16.2,19.1527777777778,3.13084791177989
"574",2021-05-10,0,26,16.2,20.1513888888889,3.32764561576649
"575",2021-05-11,0,27.7,19,22.5770833333333,3.83860510274837
"576",2021-05-12,0,27,17.9,21.98125,3.71739782455862
"577",2021-05-13,0,24.9,16.8,20.2048611111111,3.3601786084332
"578",2021-05-14,0,21.4,6.5,15.3958333333333,2.52751780181152
"579",2021-05-15,0.731,17.1,4.9,9.25277777777778,1.72641895911694
"580",2021-05-16,0.085,19,6.2,11.3708333333333,1.97869141671894
"581",2021-05-17,0,20.1,6.5,12.39375,2.11376444002671
"582",2021-05-18,0,21.4,9.4,15.6145833333333,2.58204197916263
"583",2021-05-19,0,15,4.1,9.01527777777778,1.71379449240761
"584",2021-05-20,0,13.7,2.7,7.80208333333333,1.5878453019858
"585",2021-05-21,0,16.9,5.3,10.5527777777778,1.89711123771743
"586",2021-05-22,0,18.7,9.7,13.01875,2.21801843146981
"587",2021-05-23,0,18.7,6.7,12.60625,2.16560836042176
"588",2021-05-24,0,24.4,12.4,17.7805555555556,2.97324499964456
"589",2021-05-25,0,20.2,10.5,15.0638888888889,2.52793030060322
"590",2021-05-26,0,24.2,14.1,17.8416666666667,2.99362348299525
"591",2021-05-27,0,22,10.4,15.3326388888889,2.57760198075157
"592",2021-05-28,0,23.6,12.1,17.0416666666667,2.86225772625187
"593",2021-05-29,0,19.8,5.2,12.5583333333333,2.17922453092804
"594",2021-05-30,0,29.2,11.8,22.70625,4.00165404711061
"595",2021-05-31,0,34,24.7,28.1020833333333,5.42464479153688
"596",2021-06-01,0,32.2,24.1,27.9291666666667,5.38004457504561
"597",2021-06-02,0,29.8,19,24.9618055555556,4.5661527152021
"598",2021-06-03,0,29.5,17.9,22.8041666666667,4.0439809086183
"599",2021-06-04,0,26.7,17,21.4902777777778,3.75330103408392
"600",2021-06-05,0,26.8,16.6,20.6111111111111,3.57005903419232
"601",2021-06-06,0,24.5,11.5,18.2284722222222,3.105831753438
"602",2021-06-07,0,17.8,5.9,11.4423611111111,2.05332049600501
"603",2021-06-08,0,16.2,5.5,9.43125,1.80920067715481
"604",2021-06-09,0,15,5.7,9.10069444444444,1.77276108263275
"605",2021-06-10,0,18.3,5.4,10.8041666666667,1.97716092619638
"606",2021-06-11,0,21.2,8.4,14.3,2.45965426187918
"607",2021-06-12,0,25.9,11.3,18.2416666666667,3.12274733590234
"608",2021-06-13,0,24.5,12,17.2131944444444,2.93849850445204
"609",2021-06-14,0,23.1,12.5,16.4444444444444,2.80720709519596
"610",2021-06-15,0,25.5,11.1,18.4368055555556,3.16396916973767
"611",2021-06-16,0,31.8,18.9,25.6333333333333,4.79323732482072
"612",2021-06-17,0,37.7,25,30.48125,6.25953914307315
"613",2021-06-18,0,36.1,27.3,31.2888888888889,6.53921029221977
"614",2021-06-19,0,34.7,25,29.33125,5.88407983654612
"615",2021-06-20,0,33.7,21.4,27.5055555555556,5.32437202277594
"616",2021-06-21,0,25.8,11,20.4013888888889,3.55696635430142
"617",2021-06-22,0,24.5,9.8,15.6638888888889,2.68278028449684
"618",2021-06-23,0,24.8,9.9,15.4743055555556,2.65196230036423
"619",2021-06-24,0.085,23.9,8.8,15.31875,2.626726574434
"620",2021-06-25,0,28.2,8.8,20.5395833333333,3.58478713529869
"621",2021-06-26,0,30.3,21,26.1590277777778,4.93885079390268
"622",2021-06-27,0,30.1,21.6,26.7513888888889,5.10300606853247
"623",2021-06-28,0,29.3,19.1,23.1847222222222,4.17272013256628
"624",2021-06-29,0,30.7,21.3,24.925,4.60389913970737
"625",2021-06-30,0,27.1,16.3,21.2951388888889,3.739434753667
"626",2021-07-01,0,27.7,16,21.3527777777778,3.7499865762077
"627",2021-07-02,0,28.8,18.6,22.6944444444444,4.04923552777271
"628",2021-07-03,0,28,19.8,22.7770833333333,4.06584926117273
"629",2021-07-04,0,27.8,16.4,21.6166666666667,3.80038907687939
"630",2021-07-05,0,28.1,17.7,21.9694444444444,3.87567733638219
"631",2021-07-06,0,28.8,18.2,22.3666666666667,3.96211505128942
"632",2021-07-07,0,27.5,21,23.8208333333333,4.30181363368176
"633",2021-07-08,0,35.2,24.8,29.4819444444444,5.88753837496375
"634",2021-07-09,0,36.8,28.8,31.9069444444444,6.70250997714225
"635",2021-07-10,0,38.4,29.5,33.3069444444444,7.21202716631512
"636",2021-07-11,0,35.9,26.6,31.0020833333333,6.37172031353283
"637",2021-07-12,0,33.3,22.3,27.4444444444444,5.24281518805018
"638",2021-07-13,0,27.3,15.3,21.5243055555556,3.7465900458727
"639",2021-07-14,0,28.4,17.6,22.0770833333333,3.86324148420664
"640",2021-07-15,0,26.7,16.4,20.44375,3.5093520142892
"641",2021-07-16,0,27.1,17.5,21.3069444444444,3.68505468712925
"642",2021-07-17,0,30.2,20,24.8138888888889,4.49701593554868
"643",2021-07-18,0,32.5,22.8,26.6881944444444,4.98715704361059
"644",2021-07-19,0,32.8,21.7,26.5722222222222,4.94752466229689
"645",2021-07-20,0,28.4,19.6,23.1013888888889,4.06163090865522
"646",2021-07-21,0,29.8,18.4,23.8284722222222,4.22660684561119
"647",2021-07-22,0,30.6,20.9,24.9118055555556,4.48631730705209
"648",2021-07-23,0,31.9,21.1,25.7715277777778,4.7001278747838
"649",2021-07-24,0,31.8,22.6,27.1243055555556,5.05882812510203
"650",2021-07-25,0,31.4,22.7,26.3006944444444,4.82374239918039
"651",2021-07-26,0,28.8,21.6,24.4194444444444,4.33203238535442
"652",2021-07-27,0,32.1,19.8,25.4854166666667,4.59135983819451
"653",2021-07-28,0,32.2,22,26.4520833333333,4.83674916407818
"654",2021-07-29,0,34,23.8,28.1340277777778,5.29769451085304
"655",2021-07-30,0,34.2,23.9,28.2909722222222,5.33263181854196
"656",2021-07-31,0,32,22.2,26.3326388888889,4.77528408837193
"657",2021-08-01,0,27.1,14.5,22.8555555555556,3.91522938588415
"658",2021-08-02,0,29.5,18.1,23.6208333333333,4.08125570947163
"659",2021-08-03,0,32.1,22,26.5611111111111,4.80503094622107
"660",2021-08-04,0,30.8,19.8,25.0284722222222,4.40015362625996
"661",2021-08-05,0,26.4,15,20.8083333333333,3.44777833225402
"662",2021-08-06,0,30.7,21,25.5625,4.5132957943678
"663",2021-08-07,0,30.6,23,26.3833333333333,4.71399951174571
"664",2021-08-08,0,30.6,20.9,24.9180555555556,4.3320424592457
"665",2021-08-09,0,30.9,21.1,24.7013888888889,4.26901253380632
"666",2021-08-10,0,33,24,27.4340277777778,4.960556254272
"667",2021-08-11,0,32.5,25.9,28.4729166666667,5.23925177996133
"668",2021-08-12,0,32.2,23.6,27.5819444444444,4.97606510669646
"669",2021-08-13,0,30.7,22,26.4041666666667,4.64954240309221
"670",2021-08-14,0,33.1,22.9,27.5965277777778,4.95434865579162
"671",2021-08-15,0,35.1,26.9,30.2875,5.72346067061979
"672",2021-08-16,0,33.2,20.6,28.1541666666667,5.08179264494921
"673",2021-08-17,0,27.8,16.6,20.9486111111111,3.37253098061014
"674",2021-08-18,0,23.3,15.9,18.8826388888889,2.97958937707147
"675",2021-08-19,0,24.5,14.1,18.7104166666667,2.94125814003742
"676",2021-08-20,0,23.7,14.9,19.6458333333333,3.099466157025
"677",2021-08-21,0,21.7,10.1,16.825,2.61364133570361
"678",2021-08-22,0.068,26.2,9.7,17.8430555555556,2.77002910470718
"679",2021-08-23,0,27,16.3,20.3527777777778,3.2031439748659
"680",2021-08-24,0,26.3,15.5,19.9604166666667,3.12137905493522
"681",2021-08-25,0,26.4,16.3,20.6416666666667,3.23872461329082
"682",2021-08-26,0,30,19.8,24.4409722222222,4.0164978569257
"683",2021-08-27,0,34.2,23.9,27.8013888888889,4.83088962914133
"684",2021-08-28,0,35.7,25.6,29.46875,5.2767060125224
"685",2021-08-29,0,34.1,26.6,29.4951388888889,5.26836438425069
"686",2021-08-30,0,34.7,25.7,29.5131944444444,5.25753173895114
"687",2021-08-31,0,29.1,18,24.1034722222222,3.88146209596077
"688",2021-09-01,0,24.1,12.6,18.4423611111111,2.78629155526835
"689",2021-09-02,0,22.9,12,16.7597222222222,2.51199399464953
"690",2021-09-03,0,27.8,15.8,20.9326388888889,3.20521644860053
"691",2021-09-04,0,30.4,20.2,24.4840277777778,3.91689872918405
"692",2021-09-05,0,34.7,23,27.3354166666667,4.5794116415412
"693",2021-09-06,0,35,25.7,28.9493055555556,4.98813512762789
"694",2021-09-07,0,33,26.3,28.7618055555556,4.92149316409115
"695",2021-09-08,0,34.2,25.6,29.5618055555556,5.12432390653202
"696",2021-09-09,0,33.2,22.2,27.6409722222222,4.59785745194772
"697",2021-09-10,0,26.8,17.9,21.8277777777778,3.30101969319065
"698",2021-09-11,0,28.3,19.3,22.5236111111111,3.42474980821067
"699",2021-09-12,0,30.8,21.1,25.0131944444444,3.93264257472619
"700",2021-09-13,0,31.6,23.3,26.2597222222222,4.20322326456551
"701",2021-09-14,0,31.4,22.9,26.3659722222222,4.21415838775146
"702",2021-09-15,0,27.9,18.7,23.8576388888889,3.64725289579427
"703",2021-09-16,0,24.2,13.4,19.0451388888889,2.75066272596118
"704",2021-09-17,0,24.3,12.6,18.7243055555556,2.68989946213243
"705",2021-09-18,0,21.4,8.5,15.2847222222222,2.18064452131019
"706",2021-09-19,0.459,20.8,11.7,15.7284722222222,2.23265747979987
"707",2021-09-20,0,28.6,15.4,21.4541666666667,3.12420209013531
"708",2021-09-21,0,33.5,22.4,26.75,4.20447224839476
"709",2021-09-22,0,29.4,20.8,24.9805555555556,3.79522980365455
"710",2021-09-23,0,31.7,22.1,26.0173611111111,4.00867715405788
"711",2021-09-24,0,30.7,22.9,25.9604166666667,3.98216415190934
"712",2021-09-25,0,27.7,19.6,23.1770833333333,3.39084223727168
"713",2021-09-26,0,22.6,14.9,19.1263888888889,2.67085713830601
"714",2021-09-27,0.442,22,9.3,15.95625,2.20211739246024
"715",2021-09-28,0,21.1,7.9,13.7979166666667,1.92338207999583
"716",2021-09-29,0,22.9,11.4,16.8347222222222,2.3057998650006
"717",2021-09-30,0,27.8,17,21.3416666666667,2.99813577010133
"718",2021-10-01,0,29.3,19.2,23.175,3.32007888835165
"719",2021-10-02,0,30.6,20.8,24.475,3.56213671197442
"720",2021-10-03,0,30.6,22,25.2291666666667,3.70378324498479
"721",2021-10-04,0,29.8,20.8,24.49375,3.54083496472583
"722",2021-10-05,0,24.3,12.5,19.5069444444444,2.64642780092173
"723",2021-10-06,0,17.8,11.2,13.9305555555556,1.88528295041313
"724",2021-10-07,0,18.1,6.8,12.24375,1.69210083040353
"725",2021-10-08,0,13.8,5.9,8.50902777777778,1.33061757443464
"726",2021-10-09,0,19,7.3,12.6875,1.72724457304369
"727",2021-10-10,0,23.5,9.8,16.49375,2.17285249624488
"728",2021-10-11,0,13.6,5.6,10.0222222222222,1.45038051597892
"729",2021-10-12,0,15.4,6.6,10.2263888888889,1.46411260819953
"730",2021-10-13,0,17.3,9.1,12.2777777777778,1.65999294377105
"731",2021-10-14,0,20.6,10.8,15.1666666666667,1.97668443941357
"732",2021-10-15,0,25.6,14.7,19.4,2.53823422523372
"733",2021-10-16,0,27.7,16.6,21.0819444444444,2.79073490979519
"734",2021-10-17,0.833,19.4,5.5,13.74375,1.79247084244525
"735",2021-10-18,0.204,12.1,5.1,7.25763888888889,1.18438749362269
"736",2021-10-19,0,17.1,6.1,10.5236111111111,1.45550723355949
"737",2021-10-20,11.628,14.3,9.8,12.3673611111111,1.62856633361192
"738",2021-10-21,2.363,20.2,11.8,14.9986111111111,1.90887534855089
"739",2021-10-22,18.343,13.4,8.4,10.5409722222222,1.44188928024767
"740",2021-10-23,0.493,15.4,7.5,10.4944444444444,1.43265533499084
"741",2021-10-24,105.128,12.6,9.9,11.2173611111111,1.4943805503345
"742",2021-10-25,41.361,11.1,6.7,8.75138888888889,1.27304297432372
"743",2021-10-26,0,13.7,6.5,10.0125,1.37518714188029
"744",2021-10-27,0,19.6,10.8,15.7083333333333,1.95219559206308
"745",2021-10-28,0,22.7,14.1,18.0958333333333,2.24567296419237
"746",2021-10-29,0,23.7,12.7,19.1055555555556,2.37610082054642
"747",2021-10-30,0,17.3,8.4,12.9215277777778,1.62870069298887
"748",2021-10-31,0.051,15,6,10.0930555555556,1.35906419334895
"749",2021-11-01,3.995,11.9,10.2,11.1673611111111,1.44982238721368
"750",2021-11-02,0.425,16.1,10.9,12.6743055555556,1.58798378036295
"751",2021-11-03,0.153,19.9,10.5,15.1180555555556,1.83984294550831
"752",2021-11-04,10.115,15,9.9,12.1472222222222,1.52668666617826
"753",2021-11-05,0,16.2,8.8,11.2319444444444,1.4369058877578
"754",2021-11-06,0,14.6,7.3,10.4166666666667,1.36045289078428
"755",2021-11-07,0,12.1,5.5,8.01319444444444,1.16277491561591
"756",2021-11-08,0.969,16.1,6.3,10.1854166666667,1.33227125672705
"757",2021-11-09,12.036,12.1,7.2,10.2729166666667,1.33557319754157
"758",2021-11-10,0.102,18.7,8.7,13.1673611111111,1.59645675190294
"759",2021-11-11,0,20.4,12.4,16.7694444444444,1.98310144593729
"760",2021-11-12,0,22.4,16.4,18.8840277777778,2.24298323887307
"761",2021-11-13,0,24.6,16,20.0277777777778,2.39218177775438
"762",2021-11-14,0,25.2,18.4,21.4548611111111,2.59208821591868
"763",2021-11-15,0,21.6,15.1,18.7159722222222,2.2017298087612
"764",2021-11-16,0,17.6,10.4,13.3069444444444,1.58259519422414
"765",2021-11-17,0,16.5,10.6,12.8368055555556,1.53294313338627
"766",2021-11-18,0.102,16.1,10.5,13.18125,1.56185961865264
"767",2021-11-19,0,15.9,10.3,12.45,1.48857926018377
"768",2021-11-20,0,17.1,8.8,12.0854166666667,1.45135862479566
"769",2021-11-21,0,20.4,10.3,15.0965277777778,1.743471014034
"770",2021-11-22,0,20.6,14.4,16.8298611111111,1.9316435171492
"771",2021-11-23,0,15.9,9.7,12.4027777777778,1.46954940439635
"772",2021-11-24,0,17.2,9.2,12.9611111111111,1.51793954005274
"773",2021-11-25,0,20,10.6,15.0270833333333,1.71979906748559
"774",2021-11-26,0,18.3,10.9,14.8666666666667,1.6993011074878
"775",2021-11-27,0,21.4,14.8,17.6069444444444,2.00097190224283
"776",2021-11-28,0,20.9,15.3,17.9118055555556,2.0335123577235
"777",2021-11-29,0,22.7,15.6,18.6638888888889,2.1222167863705
"778",2021-11-30,0,23.6,17,19.7298611111111,2.25560447653999
"779",2021-12-01,0,26.9,14.8,20.9715277777778,2.4208933865706
"780",2021-12-02,0,22.9,14.4,19.4861111111111,2.21552297856428
"781",2021-12-03,0,18.5,10.5,15.3333333333333,1.72512203489089
"782",2021-12-04,0,17.1,8.1,13.0708333333333,1.49888477222809
"783",2021-12-05,0,20.1,16.3,17.9486111111111,2.01303798498343
"784",2021-12-06,0.034,18.2,8.5,14.4625,1.62831422100389
"785",2021-12-07,1.003,11.7,7.1,9.13333333333333,1.16446732518917
"786",2021-12-08,0.323,12.9,6.3,8.70277777777778,1.13129428094121
"787",2021-12-09,16.218,7.7,3.9,5.19166666666667,0.89859797797689
"788",2021-12-10,0,10.4,2.4,5.54513888888889,0.918839543874066
"789",2021-12-11,0,11.2,4,6.90069444444444,1.00334129412137
"790",2021-12-12,2.856,7.4,4.4,6.2,0.95747647535749
"791",2021-12-13,43.605,7.5,2.3,6.58888888888889,0.981385033717012
"792",2021-12-14,12.682,5.3,0.5,2.02708333333333,0.723297447676919
"793",2021-12-15,0.068,6.2,1.1,3.42847222222222,0.79469213153323
"794",2021-12-16,25.109,8,3.7,5.92013888888889,0.937429112456937
"795",2021-12-17,0,11.5,1.7,5.33888888888889,0.901745857113462
"796",2021-12-18,0,10.9,4.4,8.03819444444444,1.07543045437338
"797",2021-12-19,0,9.4,3.7,6.78194444444444,0.99084586996768
"798",2021-12-20,0,8.4,2.3,5.67847222222222,0.921448911217744
"799",2021-12-21,2.448,13.1,6.1,8.87291666666667,1.13424366370303
"800",2021-12-22,8.823,11.4,6.9,9.79375,1.2030580199677
"801",2021-12-23,25.67,10.3,7.1,8.725,1.12365163498072
"802",2021-12-24,41.99,8,3.1,5.34375,0.90151791415854
"803",2021-12-25,35.53,5.1,1.2,3.61041666666667,0.803427619657653
"804",2021-12-26,9.877,4,0.5,2.09375,0.725463316384715
"805",2021-12-27,27.166,3.3,0.2,1.91944444444444,0.717255526972832
"806",2021-12-28,1.445,3.9,-0.6,1.63055555555556,0.703670366652062
"807",2021-12-29,5.593,7.7,2.9,4.45902777777778,0.85214879417961
"808",2021-12-30,0.068,9.5,3.2,5.14027777777778,0.892286823662836
"809",2021-12-31,0.017,6.8,1.3,2.975,0.772670921268452
"810",2022-01-01,0,8.7,2,4.57708333333333,0.861073717848008
"811",2022-01-02,0,10.9,4.1,6.82222222222222,0.999500436679528
"812",2022-01-03,0.085,7,3.9,5.6375,0.92575279441403
"813",2022-01-04,0.969,11.6,6.9,8.15069444444445,1.09211117262851
"814",2022-01-05,0.017,13.9,6.8,10.1493055555556,1.2428627036443
"815",2022-01-06,0.221,16.6,6.2,10.7798611111111,1.29529912022013
"816",2022-01-07,1.972,8,4.6,6.33541666666667,0.974434059609132
"817",2022-01-08,0.136,11.9,3.4,7.45902777777778,1.05020784035529
"818",2022-01-09,0,17,5.7,11.7333333333333,1.38178991721346
"819",2022-01-10,0,18.3,10.9,13.675,1.56178320054978
"820",2022-01-11,0,19.1,11.6,13.8638888888889,1.58289272133774
"821",2022-01-12,0,19.4,12.8,15.9611111111111,1.80251829214308
"822",2022-01-13,0,16.4,9.8,13.1256944444444,1.51806933345212
"823",2022-01-14,0,14.8,8.4,11.8506944444444,1.40497271331363
"824",2022-01-15,0,19.8,11.5,14.4180555555556,1.65067626132556
"825",2022-01-16,0.085,17.5,12.1,13.8819444444444,1.60061571323099
"826",2022-01-17,0,15,9.9,12.0527777777778,1.43204270544756
"827",2022-01-18,0,16,8.3,11.0319444444444,1.34620435993646
"828",2022-01-19,0,16.1,8.8,11.8743055555556,1.42270661589499
"829",2022-01-20,0,17.7,9.6,12.9958333333333,1.52938527214683
"830",2022-01-21,0,14.7,10.2,12.5097222222222,1.48753008282357
"831",2022-01-22,0,15,7.2,11.0722222222222,1.36284545077741
"832",2022-01-23,0,16.5,8.8,12.1722222222222,1.46400607722498
"833",2022-01-24,0,15.7,8.7,11.3652777777778,1.39548992236052
"834",2022-01-25,0,15.6,8.3,10.9451388888889,1.36270769609593
"835",2022-01-26,0,16.3,6.7,11.3215277777778,1.3992390277821
"836",2022-01-27,0,16.7,8.9,12.1055555555556,1.47384786347366
"837",2022-01-28,0,19,11.2,13.5486111111111,1.61666020888858
"838",2022-01-29,0,15.9,10.6,12.5347222222222,1.52253198427018
"839",2022-01-30,0,16.1,9.4,11.7520833333333,1.45413345587617
"840",2022-01-31,0,12.9,8.3,10.1979166666667,1.32225929417506
"841",2022-02-01,0,9.6,4.1,7.20208333333333,1.09389265550011
"842",2022-02-02,0,11.1,6,8.24722222222222,1.17414420690964
"843",2022-02-03,0,15.1,8.9,11.4368055555556,1.44303392207901
"844",2022-02-04,0,15.1,5.6,9.94097222222222,1.31690740820526
"845",2022-02-05,0,15.1,8.8,11.3173611111111,1.44126145703698
"846",2022-02-06,0,18.5,8.7,13.4201388888889,1.64844714740011
"847",2022-02-07,0,18.5,11.9,14.8673611111111,1.80758037135421
"848",2022-02-08,0,22.3,13.2,16.5868055555556,2.01283140451084
"849",2022-02-09,0,21.5,13.8,17.2583333333333,2.10256748060134
"850",2022-02-10,0,23.2,15.3,18.8333333333333,2.31687751964344
"851",2022-02-11,0,23.1,16.2,18.9631944444444,2.34251061705396
"852",2022-02-12,0,24,15.5,19.2986111111111,2.39735126402078
"853",2022-02-13,0,24,16.7,19.55625,2.44220437158454
"854",2022-02-14,0.102,17.7,3.6,12.2069444444444,1.56977982481032
"855",2022-02-15,0,8.9,1.2,5.41041666666667,1.01785820758667
"856",2022-02-16,0,15.2,7.3,11.2152777777778,1.48526479842742
"857",2022-02-17,0,15.9,9.1,11.4354166666667,1.51116446517661
"858",2022-02-18,0,18.1,8.7,11.6722222222222,1.53910762317055
"859",2022-02-19,0,20,10.1,14.8743055555556,1.88300570132384
"860",2022-02-20,0,16.1,2.8,10.8902777777778,1.4754343466333
"861",2022-02-21,1.683,9,1,3.64861111111111,0.924162520295846
"862",2022-02-22,1.666,6.1,-1,1.51736111111111,0.802769921716066
"863",2022-02-23,0.442,6,-0.8,1.92291666666667,0.82819365194174
"864",2022-02-24,0,10.6,2.3,5.28333333333333,1.04143032528739
"865",2022-02-25,0,12.4,3,6.81666666666667,1.15595605246216
"866",2022-02-26,0,13.1,4.6,8.08333333333333,1.25955109627643
"867",2022-02-27,0,19.2,7.6,12.8875,1.7136287614879
"868",2022-02-28,0,21.6,12.5,16.0951388888889,2.09325100277231
"869",2022-03-01,0,21,13.8,16.5305555555556,2.15663605710649
"870",2022-03-02,0,20.4,11.6,15.6736111111111,2.05499001384155
"871",2022-03-03,0,12.7,8.5,10.4298611111111,1.4897873127759
"872",2022-03-04,2.193,8.8,0.9,5.42916666666667,1.08173002002897
"873",2022-03-05,1.02,8.1,-0.1,3.11805555555556,0.930396299851866
"874",2022-03-06,0,12.3,3.6,7.10347222222222,1.21595416946171
"875",2022-03-07,0,12.9,6,9.50347222222222,1.42459799499272
"876",2022-03-08,0,17.3,9.9,13.4840277777778,1.83578012962158
"877",2022-03-09,0,15.5,4.3,10.8854166666667,1.56629807524782
"878",2022-03-10,0,13.7,5.9,10.0020833333333,1.48628677339392
"879",2022-03-11,0,19.1,9.2,13.0604166666667,1.80733752701221
"880",2022-03-12,0,18.6,7.7,12.6465277777778,1.76769063592858
"881",2022-03-13,0.663,13.5,7.1,9.27777777777778,1.43426734653767
"882",2022-03-14,0,19.8,6.3,12.4666666666667,1.76034109073273
"883",2022-03-15,1.717,15.6,8.2,11.49375,1.66221197890068
"884",2022-03-16,0,18.2,6.2,11.2951388888889,1.64734012101734
"885",2022-03-17,0,18.3,9.4,12.8722222222222,1.82435635204879
"886",2022-03-18,0,19.6,9.7,13.3326388888889,1.88371344169444
"887",2022-03-19,4.352,10.9,5.7,7.24722222222222,1.28477514787914
"888",2022-03-20,0.017,15.8,5.3,9.58541666666667,1.49889942825362
"889",2022-03-21,0,19.7,9.6,15.1493055555556,2.12799448524655
"890",2022-03-22,0,25.3,15.3,19.2270833333333,2.72665903212451
"891",2022-03-23,0,24.3,16.2,19.6673611111111,2.80785486635919
"892",2022-03-24,0,24.1,16.2,19.1152777777778,2.72734053562074
"893",2022-03-25,0,24.4,14.4,18.0777777777778,2.57343924148717
"894",2022-03-26,0,21.5,10.4,16.3090277777778,2.32242265393066
"895",2022-03-27,6.001,16.3,6.6,11.1902777777778,1.69957065806421
"896",2022-03-28,9.265,12.4,5.1,7.92083333333333,1.38407904915095
"897",2022-03-29,0.102,16.2,5.3,8.71805555555556,1.46199636051367
"898",2022-03-30,0.238,14.4,4,7.16041666666667,1.32624743218551
"899",2022-03-31,0,16.4,6.1,11.0763888888889,1.71013057799589
"900",2022-04-01,0,20.4,10.8,14.3944444444444,2.1088917802877
"901",2022-04-02,0,21.5,12.8,16.4222222222222,2.39355732465081
"902",2022-04-03,0,21.8,7.3,15.1354166666667,2.22114972731165
"903",2022-04-04,0,17.9,5.4,10.9298611111111,1.71677216432748
"904",2022-04-05,0,19.3,7.6,12.73125,1.9280609407796
"905",2022-04-06,0,27.4,13.7,19.8041666666667,2.96532374941188
"906",2022-04-07,0,30.7,18.3,23.9680555555556,3.78312923734165
"907",2022-04-08,0,27.9,14.1,22.325,3.45504764817732
"908",2022-04-09,0,20.7,12.4,15.84375,2.36393561164521
"909",2022-04-10,0,16.7,3.9,10.4361111111111,1.69615157207256
"910",2022-04-11,27.71,7.5,1,3.70277777777778,1.09694392394697
"911",2022-04-12,0,8.9,-0.3,3.525,1.08729776735696
"912",2022-04-13,0,12.3,1.1,5.70833333333333,1.26121245554848
"913",2022-04-14,6.613,8.5,4.4,6.53611111111111,1.33578230801835
"914",2022-04-15,1.938,17.3,6.6,10.1756944444444,1.69423678995344
"915",2022-04-16,9.435,14.6,7.3,9.53125,1.63102593357153
"916",2022-04-17,0,17.1,5.5,10.7715277777778,1.76999005346166
"917",2022-04-18,0,17.2,3.9,10.3465277777778,1.72812088663767
"918",2022-04-19,0.153,15,6.3,9.52916666666667,1.6453704286194
"919",2022-04-20,0.969,16.1,4.7,9.62222222222222,1.66000054163469
"920",2022-04-21,8.109,11.5,5.3,7.44027777777778,1.44661346585036
"921",2022-04-22,0.408,11.6,4.3,6.59305555555556,1.37278465539731
"922",2022-04-23,0.221,18.2,6.1,11.4729166666667,1.8824301649526
"923",2022-04-24,0.136,20.1,12.1,15.6222222222222,2.43909125002502
"924",2022-04-25,0.051,20.9,8.4,15.2993055555556,2.39833121068189
"925",2022-04-26,0,15.9,5.8,10.5430555555556,1.79007617352547
"926",2022-04-27,0,16.6,3.5,9.24236111111111,1.6523288634471
"927",2022-04-28,0,11.7,3.2,6.52152777777778,1.38921777950111
"928",2022-04-29,0,19.2,8,13.3152777777778,2.14648866984713
"929",2022-04-30,0,17.6,4.5,12.0715277777778,1.99194701798713
"930",2022-05-01,0,19.1,4.1,12.0368055555556,1.99279611960174
"931",2022-05-02,0,15.3,6.8,10.3944444444444,1.80165563710364
"932",2022-05-03,0,21,10.3,15.2055555555556,2.43563473062718
"933",2022-05-04,0,26.4,15.5,19.9680555555556,3.24558448039442
"934",2022-05-05,0,19.5,10.6,15.6555555555556,2.51564938698202
"935",2022-05-06,0.153,21.4,9.4,14.4340277777778,2.34068626079342
"936",2022-05-07,0,15.4,4.3,8.6875,1.63565462298305
"937",2022-05-08,0,9.5,3,5.12708333333333,1.29953254042054
"938",2022-05-09,0.272,11.7,2.4,5.34722222222222,1.3216676443047
"939",2022-05-10,0.272,11.6,1.9,5.28402777777778,1.31915663225557
"940",2022-05-11,0,14.9,2.7,7.66111111111111,1.54489207294958
"941",2022-05-12,0,15.5,3.4,9.15555555555556,1.70483704869182
"942",2022-05-13,0,22,9.6,15.5069444444444,2.53926396949501
"943",2022-05-14,0,26.1,14.1,19.8833333333333,3.30447673426337
"944",2022-05-15,0,22.3,10.8,18.2368055555556,3.00457441139003
"945",2022-05-16,0,20.3,6.8,12.7277777777778,2.15389004594574
"946",2022-05-17,0,23.8,9.4,17.0118055555556,2.80383420594752
"947",2022-05-18,0,28.4,16.8,23.1708333333333,4.0294967632836
"948",2022-05-19,0,24.3,11.3,20.1277777777778,3.38567420958066
"949",2022-05-20,0,20.6,10.1,14.6708333333333,2.44688530594146
"950",2022-05-21,0,24.5,14.3,18.3986111111111,3.06880425051247
"951",2022-05-22,0,25.3,16.5,19.9479166666667,3.36842863756726
"952",2022-05-23,0,26.8,15.1,20.9875,3.58533985220449
"953",2022-05-24,0,32,19.7,25.2277777777778,4.57647700033293
"954",2022-05-25,0,32.1,22.5,26.2166666666667,4.84487538356491
"955",2022-05-26,0,23.8,10.4,18.9131944444444,3.19025780960281
"956",2022-05-27,0,21.8,10.2,14.8833333333333,2.50795039285322
"957",2022-05-28,0,19.1,8.2,12.5805555555556,2.17915738032525
"958",2022-05-29,0.102,20.2,7.1,12.6715277777778,2.19462952734558
"959",2022-05-30,0,20.6,7.6,14.3277777777778,2.43439119478793
"960",2022-05-31,0,23.9,11.7,17.6041666666667,2.97242220709755
"961",2022-06-01,0,28.6,17.5,22.3472222222222,3.93005131188529
"962",2022-06-02,0,25.5,13.3,19.5479166666667,3.34360649312422
"963",2022-06-03,0,21.4,11.5,16.4583333333333,2.78487526645642
"964",2022-06-04,0,20.7,11,15.6548611111111,2.65563492593101
"965",2022-06-05,0.34,23.1,13.4,16.3743055555556,2.77668504024106
